{"0.04143671989161235":{"user_id":3},"0.7064171335046361":{"user_id":3},"0.9062483135007517":{"user_id":3},"0.2250592013396051":{"user_id":3},"0.6892665404873972":{"user_id":3},"0.43347583182306204":{"user_id":3},"0.7961674734534265":{"user_id":3}}